X_INTEL_COM_ACL,9b721c74ccdecaaa99aa75437d73641bdf02634add73d2ff970396cb3bfad14c
Cellular,b8426de6edfa7a0c1042c6a586f41754cf4a16137f8e2c7424cfcfe26628eb28
DeviceInfo,edf8ed3f6c5fb02dc1dfa7b9cab20cc8e257c58e225ad0b1e7c79cf7ab4c2033
X_LANTIQ_COM_Prioritization,5c5235ae13b79cd00314f4da95fd805317f8a846b9a88abbe340bfc2854c7b61
Ethernet,f763d058ae581d887df734cb7acb02b85fbdcfb35a6abb3bb0ccac4d757dad14
Firewall,6e81ffc93a41123f4d79463b124a3672ae1878f0761c2f81ec72a21c0fb4c465
X_VENDOR_COM_Mcast,9eb233b286752d405ad796fe7c2552a3685eaf40cdf64b51fd447ea9dc2e1aff
ManagementServer,f5106e3b551cd8438c4d42d0ead9bc8b412d60de1936eb6112b97d5b133d0c40
X_LANTIQ_COM_Multiwan,8a44d7f85a2db768395088e1ce953d7c2430c2002287139a7802e643db1fb7a3
DeviceInfo,f52f38d9126c1f5575b05c437b8c24429768d2250ae6a7bf980de02766583cbb
SelfTestDiagnostics,72c9c7f2d20a2033f96e77cc2627e1fe4339f40973b95b40f8a07c29c54ce18a
USB,7555fb434164f043930df9893d03f924ab3d2d0b8ffd62984eb0f0244d78a815
Users,c4fa515deffc2b6b20fb464e9edbe3914f181dde04125f10ed6ec7328afd8abc
DeviceInfo,01c999112897274864f6496f4265f283e304e4c88fde643213c94e6951dddf8e
WiFi,e4836778ccd9ee109398ef9d2dbae325fabd47ed2c9dbc857ad3d65ae8b20386
X_LANTIQ_COM_AutoWan,3c403156fe7cc233ffc7aba843a04be762e629fe36add3d49274f4b910fd2bd1
X_LANTIQ_COM_ClientMode,b8ec995378648e86d427bf6eb86746a4eeaded06f927e50cea3313ef4f7ca5f8
DynamicDNS,5148e4a7c270cd72ecb44ba6114e87f10a0c13a643280d4a68914fe2e971c35e
X_LANTIQ_COM_GuestAccess,f3e3783c13a14da5605c59af4fbf0fe801ffcf581f4a027b97b48b92d854e86a
IPv6,3e7a1de9b9218ec61a0153bbf56099af6d49550f6e7e9c482809d919afe362fd
DHCPv4,8678f38e7b8453261a6369e49b8f06b2a3e9668019d7f24526c74e114abfebb5
IP,9fbe0ba66d0b122f2b566c76464bfaa8276bb13e60f4007062df74ed6d36b291
QoS,5dbdb4b3c82210b40fb28e5d4def77e02ff1cc09d61752b57e54a6e475cd9b71
X_LANTIQ_COM_Upgrade,a3ddf91195e35dbb74f2a736eadf33d35a307447ce4baeed802de522f6c71995
UPnP,64da1f9a67aa19510c1c4c850381adbdb3b36dd8a945f558f112f4a8685a0acc
X_INTEL_COM_WISP,410c05517448fa659c15e406bc6e2da0e5918b4ce32a69ef35e08f618e1c51b9
